age,gender,cp,trestbps,chol,fbs,restecg,thalach,exang,oldpeak,slope,ca,thal
35,female,2,151.69989890238222,404.32654558615314,1,2,146.94796898343088,1,4.376601230879432,2,3,1
73,male,1,168.002287278314,318.63363906031867,0,2,195.8178839787909,1,5.905567619016729,1,3,1
46,male,1,184.35809377843702,172.68356999337442,0,1,175.15511082507115,0,2.782697163930168,1,3,3
33,male,3,136.85321623222197,302.55174884981795,0,0,199.52994145642526,0,3.7653794112547225,0,3,2
59,female,1,114.53760844392477,398.9688543080518,1,1,90.27190398211043,1,3.828328907741536,1,2,2
41,female,0,151.1183848105192,496.5890659783257,0,0,147.73760997339753,0,0.8075318316779316,1,3,1
56,male,3,186.26358407979865,153.77966812101386,0,2,92.81920850333083,1,0.4626013210902477,1,3,3
37,male,0,151.25181358576413,361.488142496288,0,0,152.8432804256687,1,2.5195049382927097,1,1,3
59,female,2,163.66258330766274,279.02675858235716,0,1,169.1300582804056,1,3.9304813809342627,1,2,0
32,female,2,158.55139137679254,348.50624411454226,0,1,157.340990022058,0,4.928207591232259,1,1,0
36,male,3,139.8404057767072,385.32731305572497,1,1,110.29093507455826,1,5.474783544940011,1,1,2
70,male,2,135.13021786276494,388.5876925978,0,0,138.71843291320533,1,0.6045907254986606,2,3,0
67,male,0,114.96267279189709,458.40939117163964,0,0,163.41865916091658,0,6.169752990677532,0,3,2
45,female,2,98.9219928976978,335.6529187258552,0,1,96.83611115342195,1,1.7400798599292717,0,2,1
63,male,3,168.68384838557284,264.64181515036944,1,0,126.25828795062353,1,0.11944872305651329,2,0,2
62,female,2,102.78029448783141,544.2450905880827,1,1,148.85421835785712,1,5.982925662039742,1,2,1
37,female,2,167.14527235986787,326.90979106685813,0,2,178.54304567237543,0,1.7936882144452913,1,2,2
68,male,2,199.73934142984058,304.13506859882597,0,1,188.73769260596538,0,0.8762836689287348,0,0,0
33,female,3,96.92731972020658,535.1314677529949,1,1,167.89703390100078,1,2.095295721424372,2,3,1
77,male,3,121.40211108279259,357.8550618140463,0,1,114.25943192788839,0,0.3210755414759421,0,2,1
75,female,3,160.02829630062922,530.4537440482935,0,1,136.99327873754788,1,4.481859755257872,0,1,1
62,male,2,101.08660869474714,366.39371378206715,0,0,190.41463659655767,0,2.5738968881353044,0,1,2
74,male,2,156.984580436921,186.7515194189091,0,1,173.0065498754992,1,2.0225561007652284,2,3,2
71,male,2,121.34237229655264,129.83732484071172,1,0,124.88815515654134,1,3.8876035909586086,2,1,2
37,female,1,176.02833460203288,494.6419563381529,0,2,174.25432833309873,1,2.423056661970313,1,2,1
35,female,2,126.99216465535969,491.29851515588786,1,1,112.26400488431662,0,3.3741375083103557,0,3,1
56,female,2,165.2684062674959,430.5879265759081,0,0,136.35900109984993,1,0.6918784961985129,2,0,3
59,female,1,171.2529481280772,549.738345745958,0,1,103.79915802360809,1,4.85572263494821,1,3,2
42,male,3,148.8420304337356,408.56386769705927,0,2,191.81932693684473,1,2.365257535845965,1,2,1
71,male,1,108.78321993988693,136.96521503528032,1,1,172.37144404582045,0,0.5977348104324041,1,1,2
43,female,1,139.27035484714955,543.4526772436399,0,1,114.51296049251604,0,3.80888218087155,1,1,0
40,female,2,194.43495852537976,444.22160051164644,0,1,171.6772944502112,0,4.301385295169468,1,1,2
71,male,1,130.8996372732722,382.32410568229966,0,2,164.5750367879488,0,1.8170253832403866,1,0,3
51,male,3,141.5188203223848,477.5769809972487,1,1,86.10760409888505,0,0.7448377204227506,1,3,3
73,female,2,131.99430465810445,191.40519710274856,0,1,126.01513530540902,0,0.027328378261968014,2,1,0
72,male,3,176.78096866881202,488.39254985855797,1,2,156.47064196436634,1,1.6044722345526927,1,3,3
60,male,2,162.64788279221105,528.9518952186775,1,0,153.45742707119172,0,5.213673684167626,0,2,2
42,male,1,158.98892894816157,390.60416466926205,0,1,114.98881619807196,0,0.1548954954737627,1,0,3
41,female,1,190.03376955598475,449.80261984089776,0,1,173.42908618552426,0,0.9790949814658695,1,1,1
57,male,2,156.2693645403509,190.7914194529339,0,2,104.37238431160472,0,4.792725994926569,1,1,1
40,female,2,156.07413875007128,543.8988272391155,1,1,155.20632722973176,0,4.68085633795898,2,2,2
40,male,3,99.64430844989235,147.00237574212866,0,0,167.3103496144147,1,1.6880511204325086,1,1,2
55,female,1,197.15149335725246,173.32662365860102,1,1,141.03834609817824,0,1.2823122036718275,0,4,0
70,female,1,122.37952543145197,453.4220155656978,0,1,162.53544836172927,0,3.4472972061628933,1,4,3
38,male,1,175.7272272350105,530.5650857109094,1,1,119.95982309197856,1,4.853692578892264,1,1,1
32,female,2,136.622408500252,167.1679392920075,0,1,129.2446246545154,1,1.001380298530232,1,2,0
51,male,2,123.43809707410115,274.6874714810349,0,1,74.01836069378776,1,3.394535455143563,1,4,0
70,female,3,150.76618608794536,440.0493365879538,1,1,137.07467733217192,1,1.096098325794657,0,1,3
74,female,2,107.28382619108376,309.7122943112022,1,0,124.78854395549834,0,1.350380889230154,2,1,1
62,female,1,155.043784882602,153.48208378876078,1,0,92.7567791568485,1,1.326887232421726,1,1,0
33,female,1,171.531056090842,557.7425724336806,1,2,73.60306024759875,0,3.8383184918451234,1,0,2
46,male,1,121.39225029716134,369.7913140821165,1,1,102.36718800069386,0,0.05442730689503233,0,1,3
42,male,1,173.35925200982098,385.8142444227197,1,1,195.4285660329199,1,2.7368304006646196,1,3,0
46,female,1,137.60888373536287,134.08252755813947,1,1,148.92978274202744,0,4.452246568830472,1,2,2
45,female,2,156.78421103642464,264.51052679597325,1,1,181.71784496620228,0,1.5702764679902346,2,4,0
60,male,2,146.974155691554,283.3401887627859,1,2,201.0506547413238,1,0.8661216503609772,2,3,1
46,male,2,108.28015710764052,330.214450946159,1,2,114.52465114737177,1,4.3338355990272355,1,4,3
73,female,1,168.5687305752546,510.805170828722,0,2,82.13606609804853,0,0.6312825371741844,1,1,2
58,female,2,106.20875152030445,172.50626697188676,0,2,107.53938107756001,0,3.5869416065743596,1,3,1
31,male,1,157.02746964610708,128.03519866266487,0,1,71.2104656996644,1,1.6408399365913775,1,0,2
44,female,1,130.95579721966894,364.8951696955769,0,2,148.29491626935288,1,4.122887440980509,2,2,0
75,female,0,136.81026275807358,148.20218086951306,0,0,169.80380603361027,0,1.3627540311045303,2,1,3
36,male,1,164.28365838377192,384.82516334147397,1,2,107.58705624546629,1,2.9368164930380787,2,1,3
48,female,2,181.49422418278695,131.33082430865693,1,1,73.92662133307836,0,4.626527007088458,0,2,3
40,male,1,149.88191422172264,528.6207546170133,1,2,176.83467308022244,1,4.543771900666592,2,2,0
47,female,3,197.00277965015454,152.76115852323983,0,0,111.60561982368779,0,1.4697252425207719,2,3,1
46,male,2,175.09155491842967,521.7472282247568,1,1,139.11935130453725,1,5.879780049435446,0,0,2
72,male,1,127.17393742686212,214.70255674158523,0,1,129.81978287741418,0,4.328814329080367,1,2,3
66,male,2,150.22903666577236,429.64856001559514,0,1,92.93386446243842,1,5.130144760271716,1,1,2
34,female,1,115.41554510958622,230.65323990014627,1,0,84.51423725251433,1,2.297176002453281,0,0,3
40,female,3,136.95032090840164,421.0813037949698,1,2,146.12386831601478,0,2.2113529413936477,0,1,3
72,male,2,168.51897332031268,451.3278225537189,0,2,162.04333747382182,1,1.4752458695551014,2,3,0
74,male,1,196.59317578996524,352.4500884974482,1,0,101.83689580975306,0,4.6593065825616735,1,2,1
48,female,2,157.93896700181946,422.0571558952767,1,1,140.2458882941349,1,4.821749231398298,2,4,2
32,male,2,100.95013242989171,343.9132046717082,0,1,180.510509023258,0,1.0124254889584596,2,3,1
60,male,2,102.39428333275946,167.37882146434052,1,2,141.27143313572378,0,3.499639161604983,1,1,2
31,female,2,166.78148183375424,438.9570825010649,1,0,132.26129343793446,1,4.375407989537757,1,1,2
38,female,0,141.47458620522883,289.6815504293827,1,1,75.90105607925055,0,5.65670542129688,0,2,2
49,female,0,110.7339253184435,528.3952059700587,0,1,76.95536184018098,0,1.5029252382129412,1,3,0
30,female,1,160.40104248671574,301.6929066280105,1,0,147.07281223503955,0,2.8331148053931847,1,4,0
76,male,3,140.0325405484905,382.13475568466475,1,2,146.84911748620607,0,1.2515549796900005,2,4,2
36,male,1,99.4850026015316,155.59404598039515,0,0,174.02854350510427,0,3.2845244409288004,0,3,2
35,female,1,173.4728604598609,328.0402627085552,1,0,111.54221197767713,0,5.348142454499337,1,1,2
36,female,1,101.4528198725162,320.1330964848135,0,0,188.27427546313737,1,6.013693053828703,0,4,3
57,female,2,149.36714374316563,290.48688958770794,1,1,184.55748591170965,0,2.5319563287501605,1,0,2
45,male,2,94.57412679059127,200.86134408099946,0,2,135.36248644600295,1,4.486979587549661,2,3,2
75,male,1,157.8599566048098,183.90121762326544,1,0,135.54824262025414,0,4.193913079474969,1,2,0
54,female,0,163.60274299332247,304.40250865782014,0,2,198.5977782756349,1,4.120237224634371,2,1,1
59,female,1,125.71767488990517,217.42072365914836,0,1,174.87553967830127,0,5.670980645547734,1,1,3
35,male,2,103.53272368482666,443.4300156115954,1,0,100.44425639396074,0,5.34566232354235,1,2,3
50,female,3,145.07677894590836,377.576285922393,1,1,177.0371750511635,0,0.8276372558162017,1,0,2
55,female,1,123.08836244033826,248.7475769683056,1,1,196.7943947847504,1,2.5958698636002118,0,2,1
36,male,0,177.39348106915568,133.8142082119916,0,1,135.90049738606285,0,5.158399236920744,0,2,2
77,female,2,150.72215471876765,232.59924518655788,0,2,192.68437689351475,1,0.8986344095098284,1,1,0
61,female,3,195.42830500079907,511.9072357680047,0,1,119.8773874401351,1,5.82030649668225,1,2,2
51,male,3,120.92681091840645,396.21856129939596,0,1,128.12116616321214,1,5.277820322689518,0,3,3
67,female,2,161.59757101830257,394.38130778993377,1,0,159.77667961445312,1,3.071486378878197,2,0,3
30,male,1,138.71014959298049,398.7239036895355,1,1,167.72186740218694,0,4.061140683029569,2,1,3
39,male,1,169.10526483726989,381.64965064122157,0,1,191.19792038004354,0,4.743140011277711,1,3,2
67,female,3,121.75501405695049,208.73807261135903,0,1,89.14065918359455,1,3.298097709083573,0,2,1
